{"cameraMode":{"drawMode":0,"name":"Shaded","section":"Shading Mode"},"sceneLighting":false,"audioPlay":false,"sceneViewState":{"m_AlwaysRefresh":false,"showFog":true,"showSkybox":false,"showFlares":true,"showImageEffects":true,"showParticleSystems":true,"showVisualEffectGraphs":true,"m_FxEnabled":true},"in2DMode":false,"pivot":{"x":0.021181762218475343,"y":-0.10442528128623963,"z":0.15160605311393739},"rotation":{"x":-0.14986766874790193,"y":0.7476972341537476,"z":-0.1803685426712036,"w":-0.6212599277496338},"size":1.444593906402588,"orthographic":false}