{"cameraMode":{"drawMode":0,"name":"Shaded","section":"Shading Mode"},"sceneLighting":false,"audioPlay":false,"sceneViewState":{"m_AlwaysRefresh":false,"showFog":true,"showSkybox":false,"showFlares":true,"showImageEffects":true,"showParticleSystems":true,"showVisualEffectGraphs":true,"m_FxEnabled":true},"in2DMode":false,"pivot":{"x":22.96204376220703,"y":46.181251525878909,"z":-13.835347175598145},"rotation":{"x":0.15153881907463075,"y":0.7191507816314697,"z":-0.16573156416416169,"w":0.6575649976730347},"size":241.14671325683595,"orthographic":false}