{"cameraMode":{"drawMode":0,"name":"Shaded","section":"Shading Mode"},"sceneLighting":true,"audioPlay":false,"sceneViewState":{"m_AlwaysRefresh":false,"showFog":true,"showSkybox":true,"showFlares":true,"showImageEffects":true,"showParticleSystems":true,"showVisualEffectGraphs":true,"m_FxEnabled":true},"in2DMode":false,"pivot":{"x":514.3558959960938,"y":99.20437622070313,"z":487.9386291503906},"rotation":{"x":0.23427890241146089,"y":-0.29064351320266726,"z":0.07362662255764008,"w":0.9247918725013733},"size":1.7933531999588013,"orthographic":false}