{"cameraMode":{"drawMode":0,"name":"Shaded","section":"Shading Mode"},"sceneLighting":false,"audioPlay":false,"sceneViewState":{"m_AlwaysRefresh":false,"showFog":true,"showSkybox":true,"showFlares":true,"showImageEffects":true,"showParticleSystems":true,"showVisualEffectGraphs":true,"m_FxEnabled":true},"in2DMode":false,"pivot":{"x":-17.22838020324707,"y":3.1464285850524904,"z":26.860687255859376},"rotation":{"x":0.0433126725256443,"y":-0.0891946330666542,"z":0.0038824521470814945,"w":0.9950658679008484},"size":6.344048500061035,"orthographic":false}