{"cameraMode":{"drawMode":0,"name":"Shaded","section":"Shading Mode"},"sceneLighting":false,"audioPlay":false,"sceneViewState":{"m_AlwaysRefresh":false,"showFog":true,"showSkybox":false,"showFlares":true,"showImageEffects":true,"showParticleSystems":true,"showVisualEffectGraphs":true,"m_FxEnabled":true},"in2DMode":false,"pivot":{"x":3.568574905395508,"y":7.3712921142578129,"z":-4.557409763336182},"rotation":{"x":0.12821604311466218,"y":0.47824493050575259,"z":-0.07081279903650284,"w":0.8659260869026184},"size":12.445716857910157,"orthographic":false}